{
  "current": {
    "time": 1761761700,
    "temperature_2m": 9.699999809265137,
    "apparent_temperature": 8.281820297241211,
    "precipitation": 0.0,
    "weather_code": 3.0
  },
  "hourly": {
    "time": [
      1761692400
    ],
    "temperature_2m": [
      8.666999816894531,
      9.116999626159668,
      9.416999816894531,
      9.416999816894531,
      9.266999244689941,
      9.116999626159668,
      9.217000007629395,
      9.266999244689941,
      9.366999626159668,
      10.266999244689941,
      11.516999244689941,
      12.616999626159668,
      13.316999435424805,
      13.666999816894531,
      14.066999435424805,
      14.366999626159668,
      13.166999816894531,
      12.116999626159668,
      10.616999626159668,
      9.866999626159668,
      9.266999244689941,
      9.566999435424805,
      10.116999626159668,
      10.416999816894531,
      11.066999435424805,
      11.566999435424805,
      12.166999816894531,
      12.116999626159668,
      12.016999244689941,
      11.416999816894531,
      10.967000007629395,
      11.016999244689941,
      11.717000007629395,
      12.416999816894531,
      14.316999435424805,
      14.816999435424805,
      14.467000007629395,
      13.967000007629395,
      14.116999626159668,
      14.666999816894531,
      13.967000007629395,
      13.016999244689941,
      11.616999626159668,
      10.566999435424805,
      9.217000007629395,
      8.116999626159668,
      7.367000102996826,
      6.367000102996826,
      6.017000198364258,
      5.816999912261963,
      5.4670000076293945,
      5.367000102996826,
      5.4170002937316895,
      5.316999912261963,
      4.9170002937316895,
      4.6670002937316895,
      5.566999912261963,
      7.1670002937316895,
      8.416999816894531,
      9.916999816894531,
      11.566999435424805,
      12.566999435424805,
      13.066999435424805,
      13.217000007629395,
      12.717000007629395,
      10.766999244689941,
      8.616999626159668,
      7.617000102996826,
      6.767000198364258,
      6.066999912261963,
      5.566999912261963,
      4.9170002937316895,
      5.017000198364258,
      2.6085000038146973,
      3.9085001945495605,
      5.708499908447266,
      6.558499813079834,
      7.058499813079834,
      7.858500003814697,
      8.708499908447266,
      10.508500099182129,
      12.758500099182129,
      14.658499717712402,
      15.408499717712402,
      16.458499908447266,
      16.60849952697754,
      15.908499717712402,
      15.358499526977539,
      13.908499717712402,
      12.358499526977539,
      11.958499908447266,
      11.558500289916992,
      11.658499717712402,
      11.708499908447266,
      11.408499717712402,
      11.108499526977539
    ],
    "precipitation_probability": [
      73.0,
      78.0,
      73.0,
      63.0,
      57.0,
      61.0,
      70.0,
      69.0,
      50.0,
      22.0,
      2.0,
      0.0,
      0.0,
      0.0,
      0.0,
      0.0,
      0.0,
      0.0,
      0.0,
      0.0,
      3.0,
      9.0,
      20.0,
      44.0,
      73.0,
      92.0,
      92.0,
      82.0,
      73.0,
      72.0,
      72.0,
      69.0,
      56.0,
      40.0,
      33.0,
      44.0,
      63.0,
      76.0,
      77.0,
      71.0,
      61.0,
      43.0,
      21.0,
      4.0,
      0.0,
      0.0,
      0.0,
      0.0,
      0.0,
      0.0,
      0.0,
      0.0,
      0.0,
      0.0,
      0.0,
      0.0,
      0.0,
      0.0,
      0.0,
      0.0,
      0.0,
      0.0,
      0.0,
      0.0,
      0.0,
      0.0,
      0.0,
      0.0,
      0.0,
      0.0,
      0.0,
      1.0,
      2.0,
      2.0,
      2.0,
      1.0,
      0.0,
      0.0,
      0.0,
      0.0,
      0.0,
      0.0,
      0.0,
      0.0,
      0.0,
      0.0,
      0.0,
      0.0,
      0.0,
      0.0,
      1.0,
      2.0,
      3.0,
      5.0,
      6.0,
      5.0
    ],
    "precipitation": [
      0.0,
      0.10000000149011612,
      0.0,
      0.10000000149011612,
      0.10000000149011612,
      0.0,
      0.30000001192092896,
      0.20000000298023224,
      0.30000001192092896,
      0.0,
      0.0,
      0.0,
      0.0,
      0.0,
      0.0,
      0.0,
      0.0,
      0.0,
      0.0,
      0.0,
      0.0,
      0.0,
      0.0,
      0.0,
      0.0,
      0.0,
      0.0,
      0.0,
      0.0,
      0.0,
      0.0,
      0.0,
      0.0,
      0.0,
      0.0,
      0.0,
      0.0,
      0.0,
      0.10000000149011612,
      0.0,
      0.0,
      0.0,
      0.0,
      0.0,
      0.0,
      0.0,
      0.0,
      0.0,
      0.0,
      0.0,
      0.0,
      0.0,
      0.0,
      0.0,
      0.0,
      0.0,
      0.0,
      0.0,
      0.0,
      0.0,
      0.0,
      0.0,
      0.0,
      0.0,
      0.0,
      0.0,
      0.0,
      0.0,
      0.0,
      0.0,
      0.0,
      0.0,
      0.0,
      0.0,
      0.0,
      0.0,
      0.0,
      0.0,
      0.0,
      0.0,
      0.0,
      0.0,
      0.0,
      0.0,
      0.0,
      0.0,
      0.0,
      0.0,
      0.0,
      0.0,
      0.0,
      0.0,
      0.0,
      0.0,
      0.0,
      0.0
    ],
    "pressure_msl": [
      1011.4000244140625,
      1011.2000122070312,
      1012.7000122070312,
      1013.0,
      1013.0999755859375,
      1014.0,
      1014.0999755859375,
      1015.0,
      1015.7999877929688,
      1015.7000122070312,
      1015.9000244140625,
      1016.0999755859375,
      1015.2999877929688,
      1014.7000122070312,
      1014.0999755859375,
      1014.2000122070312,
      1013.7999877929688,
      1013.5,
      1013.4000244140625,
      1013.0999755859375,
      1012.7999877929688,
      1012.7000122070312,
      1012.2000122070312,
      1011.4000244140625,
      1010.5,
      1009.7999877929688,
      1009.2000122070312,
      1008.9000244140625,
      1008.5,
      1008.2000122070312,
      1008.5,
      1008.7000122070312,
      1008.5,
      1008.4000244140625,
      1008.0999755859375,
      1008.2999877929688,
      1008.7000122070312,
      1009.2999877929688,
      1008.9000244140625,
      1009.5999755859375,
      1010.7000122070312,
      1012.0999755859375,
      1013.4000244140625,
      1014.5,
      1015.9000244140625,
      1016.2999877929688,
      1017.4000244140625,
      1018.0,
      1018.0,
      1018.0999755859375,
      1018.5999755859375,
      1018.9000244140625,
      1019.7999877929688,
      1020.2000122070312,
      1020.0999755859375,
      1020.5999755859375,
      1021.0999755859375,
      1021.5,
      1021.5,
      1021.2000122070312,
      1020.5999755859375,
      1020.0999755859375,
      1020.0,
      1019.9000244140625,
      1020.0999755859375,
      1020.4000244140625,
      1020.5999755859375,
      1021.0999755859375,
      1021.4000244140625,
      1021.9000244140625,
      1022.0999755859375,
      1022.0,
      1021.9000244140625,
      1021.4000244140625,
      1021.0999755859375,
      1020.5,
      1020.7000122070312,
      1020.7999877929688,
      1020.9000244140625,
      1020.5999755859375,
      1020.5999755859375,
      1020.4000244140625,
      1019.5999755859375,
      1019.0999755859375,
      1018.5,
      1018.2000122070312,
      1017.5,
      1017.2000122070312,
      1016.9000244140625,
      1017.0,
      1017.0,
      1017.4000244140625,
      1017.5,
      1017.5,
      1017.7000122070312,
      1017.7000122070312
    ]
  },
  "previous_hour": {
    "precipitation": 0.0,
    "precipitation_probability": 6.0
  }
}